name,address,latitude,longitude,phone,working_hours,activity_types,opening_date,license_number
Bakı - Baş Ofis,"Bakı şəhəri, Suraxanı rayonu, “Xəyal Adası” (Dreamland) Yaşayış Kompleksi Tel.: 137 / +994 12 493 49 49",40.3987232,50.0824759,124934949,"İş vaxtı: I-V günlər, saat 09:00-17:00",,,
Bakı - Dərnəgül filialı,"Bakı şəhəri, Z.Bünyadov prospekti 350A («Çingiz Xan» şadlıq evinin yanı) Tel.: 137 / +994 12 493 49 49",40.427589416503906,49.885231018066406,124471378,"İş vaxtı: I-V günlər, saat 09:00 - 17:00",bütün bank xidmətləri,07.05.2008,241/2
Bakı - Park Bulvar filialı,"Bakı şəhəri, Neftçilər prospekti, Dənizkənarı Bulvar (Park Bulvar TM) Tel.: 137 / +994 12 493 49 49",40.371098,49.850102,125987166,"İş vaxtı: hər gün, saat 10:00-21:30",bütün bank xidmətləri,16.06.2010,241/6
Bakı - 'Gözəl ofis' filialı,"Bakı şəhəri, H.Əliyev prospekti, 92A Tel.: 137 / +994 12 493 49 49",40.4092687,49.893422,,"İş vaxtı: I-V günlər, saat 09:00 - 17:00",bütün bank xidmətləri,19.04.2013,241/9
Sumqayıt filialı,"Sumqayıt şəhəri, H.Əliyev prospekti 301Q (H.Əliyev heykəlinin yaxınlığında) Tel.: 137 / +994 12 493 49 49",40.58595275878906,49.67038345336914,186540391,"İş vaxtı: I-V günlər, saat 09:00-17:00",bütün bank xidmətləri,18.05.2009,241/8
İmişli filialı,"İmişli rayonu, Sabir Fətəliyev küçəsi. 45 Tel.: 137 / +994 12 493 49 49",39.8650742,48.0611116,0212466129,"İş vaxtı: I-V günlər, saat 09:00-17:00",bütün bank xidmətləri,13.12.2006,241/1
Gəncə filialı,"Gəncə şəhəri, Nizami rayonu, Atatürk prospekti 261/B4 Tel.: 137 / +994 12 493 49 49",40.6715341,46.3577558,222662553,"İş vaxtı: I-V günlər, saat 09:00-17:00",bütün bank xidmətləri,05.03.2008,241/3
