id,name,city_name,address,city_id,slug,latitude,longitude,is_open,usd,cash_in,is_nfc,is_digital,payment_terminal,working_weekends,working_hours,notes
78,Ticarət filialı,Bakı,"Bakı şəhəri, Qaradağ rayonu, Lökbatan qəsəbəsi (Sədərək Ticarət Mərkəzi daxilində)",1,ticaret-filiali,40.3317261,49.7814293,1,0,0,0,0,0,0,Mon-Fri: 09:00-18:00 (Müştərilərə xidmət vaxtı 09:00-17:00); Sat: qeyri-iş günü; Sun: qeyri-iş günü,
89,Fərdi Bankçılıq bölməsi,Bakı,"Bakı şəhəri, Nəsimi rayonu, Bülbül prospekti 60",1,ferdi-bankciliq-bolmesi,40.38107163735132,49.84152146574979,1,0,0,0,0,0,0,Mon-Fri: 09:00-17:00; Sat: ; Sun: ,
90,Bravo 3 filialı,Bakı,"Bakı şəhəri, Nizami rayonu, Heydər Əliyev prospekti 172",1,bravo-3-filiali,40.4183807,49.9124985,1,0,0,0,0,0,1,Mon-Fri: 10:00-19:00 (Müştərilərə xidmət vaxtı 10:00-18:00); Sat: 10:00-19:00 (Müştərilərə xidmət vaxtı 10:00-19:00); Sun: 10:00-19:00 (Müştərilərə xidmət vaxtı 10:00-19:00),
131,Sahil filialı,Bakı,"Bakı şəhəri, Səbail rayonu, Bülbül prospekti 18A",1,sahil-filiali-907,40.37214295893622,49.844818650842384,1,0,0,0,0,0,1,Mon-Fri: 09:00-18:00 (Müştərilərə xidmət vaxtı 09:00-17:00); Sat: 10:00-19:00 (Müştərilərə xidmət vaxtı 10:00-19:00); Sun: 10:00-19:00 (Müştərilərə xidmət vaxtı 10:00-19:00),
133,Neftçilər filialı,Bakı,"Bakı şəhəri, Nizami rayonu, R. Rüstəmov küçəsi, 44D",1,neftciler-kart-merkezi-filiali-904,40.4095099423086,49.94256914321402,1,0,0,0,0,0,0,Mon-Fri: 09:00-18:00 (Müştərilərə xidmət vaxtı 09:00-17:00); Sat: qeyri-iş günü; Sun: qeyri-iş günü,
174,Gənclik filialı,Bakı,"Nərimanov rayonu, Həsən Əliyev küçəsi, 889-cu məhəllə, ev 82",1,genclik-filiali-615,40.401912418946644,49.84833954584166,1,0,0,0,0,0,0,Mon-Fri: 09:00-18:00 (Müştərilərə xidmət vaxtı 09:00-17:00); Sat: qeyri-iş günü; Sun: qeyri-iş günü,
175,Qaradağ filialı,Bakı,"Bаkı şəhəri, Qaradağ rayonu, Bünyadzadə küçəsi",1,qaradag-rayon-filiali-614,40.32220659807489,49.73087716163619,1,0,0,0,0,0,0,Mon-Fri: 09:00-18:00 (Müştərilərə xidmət vaxtı 09:00-17:00); Sat: qeyri-iş günü; Sun: qeyri-iş günü,
178,Suraxanı filialı,Bakı,"Suraxanı rayonu, Əmircan qəsəbəsi, Vladimir Balandin küçəsi 44",1,suraxani-rayon-filiali-611,40.42186059408622,50.001500486483565,1,0,0,0,0,0,1,Mon-Fri: 09:00-18:00 (Müştərilərə xidmət vaxtı 09:00-17:00); Sat: qeyri-iş günü; Sun: qeyri-iş günü,
181,Xalqlar Dostluğu filialı,Bakı,"Nizami rayonu, 8-ci km qəsəbəsi, B. Nuriyev küçəsi 10A",1,xalqlar-filiali,40.397417399094344,49.946291728975744,1,0,0,0,0,0,0,Mon-Fri: 09:00-18:00 (Müştərilərə xidmət vaxtı 09:00-17:00); Sat: qeyri-iş günü; Sun: qeyri-iş günü,
187,Bravo 2 filialı,Bakı,"Bakı şəh., Nəsimi rayonu, Tbilisi prospekti, məhəllə 3007 (20 Yanvar Bravo hipermarketinin daxilində)",1,bravo-2-filiali-823,40.4015485097566,49.81099411880433,1,0,0,0,0,0,1,Mon-Fri: 10:00-19:00 (Müştərilərə xidmət vaxtı 10:00-18:00); Sat: 10:00-19:00 (Müştərilərə xidmət vaxtı 10:00-19:00); Sun: 10:00-19:00 (Müştərilərə xidmət vaxtı 10:00-19:00),
200,Təbriz filialı,Bakı,"Bakı şəhəri, N. Nərimanov rayonu, Təbriz küçəsi 98 a",1,tebriz-filiali-777,40.40035726266819,49.867674273080276,1,0,0,0,0,0,0,Mon-Fri: 09:00-18:00 (Müştərilərə xidmət vaxtı 09:00-17:00); Sat: qeyri-iş günü; Sun: qeyri-iş günü,
201,50 saylı Notariat şöbəsi,Bakı,"Bakı şəhəri, Nizami rayonu, Azər Manafov küçəsi 16",1,50-sayli-notariat-shobesi-776,40.4190296184597,49.93361835214919,1,0,0,0,0,0,0,Mon-Fri: 09:00-18:00 (Müştərilərə xidmət vaxtı 09:00-17:00); Sat: 10:00-16:00 (Müştərilərə xidmət vaxtı 10:00-15:00); Sun: qeyri-iş günü,
203,Buzovna şöbəsi,Bakı,Bakı şəh. Xəzər ray. Buzovna qəs. Rasim İmanov küç 22,1,buzovna-shobesi-761,40.52649579855604,50.09840157508598,1,0,0,0,0,0,0,Mon-Fri: 09:00-18:00 (Müştərilərə xidmət vaxtı 09:00-17:00); Sat: qeyri-iş günü; Sun: qeyri-iş günü,
208,Dəmiryol şöbəsi,Bakı,Fikrət Əmirov 24 (2 saylı ASAN Kommunal),1,demiryol-shobesi-749,40.40927551957306,49.86707416971347,1,0,0,0,0,0,0,Mon-Fri: 09:00-18:30 (Müştərilərə xidmət vaxtı 09:00-18:00); Sat: 09:30-17:30 (Müştərilərə xidmət vaxtı 10:00-17:00); Sun: ,
209,Bravo 1 filialı,Bakı,"Bakı şəhəri, Xətai rayonu, Əhmədli qəsəbəsi, Ramiz Quliyev küçəsi 4",1,bravo-1-filiali-745,40.37475492597779,49.94484112235593,1,0,0,0,0,0,1,Mon-Fri: 10:00-19:00 (Müştərilərə xidmət vaxtı 10:00-18:00); Sat: 10:00-19:00 (Müştərilərə xidmət vaxtı 10:00-19:00); Sun: 10:00-19:00 (Müştərilərə xidmət vaxtı 10:00-19:00),
240,Bakı limanı şöbəsi,Bakı,"Bakı şəhəri, Qaradağ rayonu, Ələt qəsəbəsi, Bakı Beynəlxalq Dəniz Ticarət Limanı",1,baki-limani-shobesi-689,39.973233486691825,49.442786065417366,1,0,0,0,0,0,0,Mon-Fri: 7 gün / 24 saat; Sat: 7 gün / 24 saat; Sun: 7 gün / 24 saat,
241,52 saylı Notariat şöbəsi,Bakı,"Bakı şəh, Nizami rayonu, Qara Qarayev prospekti 115/9",1,52-sayli-notariat-shobesi-682,40.3979836,49.9501953,1,0,0,0,0,0,0,Mon-Fri: 10:00-19:00 (Müştərilərə xidmət vaxtı 10:00-18:00); Sat: 10:00-17:00 (Müştərilərə xidmət vaxtı 10:00-16:00); Sun: qeyri-iş günü,
242,4 saylı Bakı Asan filialı,Bakı,"Bakı şəhəri, Bakıxanov qəsəbəsi, Sülh küçəsi, 8 A (4 Saylı Bakı “Asan Xidmət” Mərkəzinin inzibati  binası)",1,4-sayli-baki-asan-filiali,40.421402,49.9665222,1,0,0,0,0,0,0,Mon-Fri: 09:00-18:30 (Müştərilərə xidmət vaxtı 09:00-18:00); Sat: 09:30-17:30 (Müştərilərə xidmət vaxtı 09:30-17:00); Sun: 09:30-17:30 (Müştərilərə xidmət vaxtı 09:30-17:00),
243,Yasamal filialı,Bakı,"Bakı şəhəri, Yasamal rayonu, Landau küçəsi, bina 6",1,yasamal-filiali-618,40.37248226149035,49.81700488169915,1,0,0,0,0,0,0,Mon-Fri: 09:00-18:00 (Müştərilərə xidmət vaxtı 09:00-17:00); Sat: qeyri-iş günü; Sun: qeyri-iş günü,
245,Binəqədi filialı,Bakı,"Nəsimi r-nu, Asif Məhərrəmov 174",1,bineqedi-filiali-609,40.40987996371933,49.80784120653588,1,0,0,0,0,0,1,Mon-Fri: 09:00-18:00 (Müştərilərə xidmət vaxtı 09:00-17:00); Sat: qeyri-iş günü; Sun: qeyri-iş günü,
246,Nəsimi filialı,Bakı,"Bakı şəhəri, Nəsimi rayonu, İ.Qasımov küçəsi 4",1,nesimi-filiali-608,40.39336377108836,49.8364635077574,1,0,0,0,0,0,0,Mon-Fri: 09:00-18:00 (Müştərilərə xidmət vaxtı 09:00-17:00); Sat: qeyri-iş günü; Sun: qeyri-iş günü,
247,Əhmədli filialı,Bakı,"Xətai rayonu, Sarayevo küçəsi 7Q",1,ehmedli-filiali-607,40.386642439220005,49.956370889966045,1,0,0,0,0,0,1,Mon-Fri: 09:00-18:00 (Müştərilərə xidmət vaxtı 09:00-17:00); Sat: qeyri-iş günü; Sun: qeyri-iş günü,
250,Səbail filialı,Bakı,"Səbail rayonu, Zərifə Əliyeva pr. 63",1,sebail-filiali-604,40.370709680533324,49.84356945775485,1,0,0,0,0,0,0,Mon-Fri: 09:00-18:00 (Müştərilərə xidmət vaxtı 09:00-17:00); Sat: qeyri-iş günü; Sun: qeyri-iş günü,
251,Cəfər Cabbarlı filialı,Bakı,"Yasamal rayonu, Cəfər Cabbarlı küçəsi 5A",1,cefer-cabbarli-filiali-603,40.38026907454943,49.83018988343833,1,0,0,0,0,0,0,Mon-Fri: 09:00-18:00 (Müştərilərə xidmət vaxtı 09:00-17:00); Sat: qeyri-iş günü; Sun: qeyri-iş günü,
252,Qara Qarayev filialı,Bakı,"Bakı şəhəri, Q.Qarayev prospekti 29",1,qara-qarayev-filiali-602,40.417840808344934,49.93475521513684,1,0,0,0,0,0,1,Mon-Fri: 09:00-18:00 (Müştərilərə xidmət vaxtı 09:00-17:00); Sat: qeyri-iş günü; Sun: qeyri-iş günü,
255,Həzi Aslanov filialı,Bakı,"Xətai rayonu, X.Məmmədov küçəsi 13",1,hezi-aslanov-filiali-599,40.372733520928904,49.947073452445615,1,0,0,0,0,0,0,Mon-Fri: 09:00-18:00 (Müştərilərə xidmət vaxtı 09:00-17:00); Sat: qeyri-iş günü; Sun: qeyri-iş günü,
256,Xəzər filialı,Bakı,"Xəzər rayonu, Şüvalan kəndi, A.İldırım küçəsi 16",1,xezer-filiali-598,40.48636010652908,50.1703951167884,1,0,0,0,0,0,0,Mon-Fri: 09:00-18:00 (Müştərilərə xidmət vaxtı 09:00-17:00); Sat: qeyri-iş günü; Sun: qeyri-iş günü,
257,Gənclik Mall filialı,Bakı,"Bakı şəh., şəhəri, Fətəli Xan Xoyski pr., Gənclik Mall ticarət mərkəzinin -1 mərtəbəsi",1,genclik-mall-filiali-597,40.400179847136464,49.85265809040034,1,0,0,0,0,0,1,Mon-Fri: 10:00-21:45 (Müştərilərə xidmət vaxtı 10:00-21:45); Sat: 10:00-21:45 (Müştərilərə xidmət vaxtı 10:00-21:45); Sun: 10:00-21:45 (Müştərilərə xidmət vaxtı 10:00-21:45),
258,Mərkəz filialı,Bakı,"Bakı şəhəri, Nəsimi rayonu, Bülbül prospekti 60",1,merkez-filiali-596,40.38107163735132,49.84152146574979,1,0,0,0,0,0,0,Mon-Fri: 09:00-18:00 (Müştərilərə xidmət vaxtı 09:00-17:00); Sat: qeyri-iş günü; Sun: qeyri-iş günü,
360,8-ci mikrorayon filialı,Bakı,"Bakı şəhəri, Binəqədi rayonu, 8 M/R, İbrahimpaşa Dadaşov küçəsi 3158/3156-cı məhəllə",1,8-ci-mikrorayon-filial,40.42200190707761,49.84252179859974,1,0,0,0,0,0,1,Mon-Fri: 09:00-18:00 (Müştərilərə xidmət vaxtı 09:00-17:00); Sat: qeyri-iş günü; Sun: qeyri-iş günü,
361,Sabunçu filialı,Bakı,"Bakı şəhəri, Sabunçu rayonu, Zabrat qəsəbəsi, Babək küçəsi, ev 92C",1,sabuncu-filiali-612,40.47568914571012,49.9499800321653,1,0,0,0,0,0,0,Mon-Fri: 09:00-18:00 (Müştərilərə xidmət vaxtı 09:00-17:00); Sat: qeyri-iş günü; Sun: qeyri-iş günü,
362,Bakıxanov filialı,Bakı,"Bakıxanov qəsəbəsi, S.Qocayev küç.,13A, B, C",1,bakixanov-filiali-613,40.41674316787991,49.965307026218376,1,0,0,0,0,0,1,Mon-Fri: 09:00-18:00 (Müştərilərə xidmət vaxtı 09:00-17:00); Sat: qeyri-iş günü; Sun: qeyri-iş günü,
924,İnşaatçılar filialı,Bakı,"Bakı şəhəri, Yasamal rayonu, A.M.Şərifzadə küçəsi 162",1,insaatcilar-filiali,40.38931435951659,49.80316549713975,1,0,0,0,0,0,1,Mon-Fri: 09:00-18:00 (Müştərilərə xidmət vaxtı 09:00-17:00); Sat: qeyri-iş günü; Sun: qeyri-iş günü,
1367,Logistika şöbəsi,Bakı,"Bakı şəhəri, Qaradağ rayonu, Lökbatan qəsəbəsi, Lökbatan-Qobu yolu 10",1,logistika-shobesi,40.326252,49.7573891,1,0,0,0,0,0,0,Mon-Fri: 09:00-18:00 (Müştərilərə xidmət vaxtı 09:00-17:00); Sat: qeyri-iş günü; Sun: qeyri-iş günü,
1368,Nərimanov filialı,Bakı,"Bakı şəhəri, Nərimanov rayonu, Əhməd Rəcəbli küçəsi 9",1,nerimanov-rayon-filiali,40.40418144976618,49.867596143155055,1,0,0,0,0,0,0,Mon-Fri: 09:00-17:00; Sat: ; Sun: ,
1370,38 saylı Notariat Şöbə,Bakı,"Bakı şəh., Nərimanov ray., Atatürk pr. 36",1,38-sayli-notariat-sobe,40.40335556013043,49.85094249708956,1,0,0,0,0,0,0,Mon-Fri: 10:00-18:00; Sat: ; Sun: ,
1373,Azadlıq filialı,Bakı,"Bakı şəhəri, Binəqədi şossesi",1,azadliq-filiali,40.43374838651857,49.8431265327235,1,0,0,0,0,0,0,Mon-Fri: 09:00-18:00 (Müştərilərə xidmət vaxtı 09:00-17:00); Sat: qeyri-iş günü; Sun: qeyri-iş günü,
1376,KOB mərkəzi filialı,Bakı,"Bakı şəhəri, Nərimanov rayonu, Həsən Əliyev 143",1,kob-merkezi-filiali,40.408145893778,49.86354423265598,1,0,0,0,0,0,0,Mon-Fri: 09:00-18:00 (Müştərilərə xidmət vaxtı 09:00-17:00); Sat: qeyri-iş günü; Sun: qeyri-iş günü,
1377,28 Mall Birbank Rəqəmsal Mərkəz,Bakı,"Bakı şəhəri, Azadlıq prospekti 15a/4 (28 Mall ticarət mərkəzinin daxilində)",1,b-08,40.3790725053831,49.8467612895239,1,0,0,0,1,0,0,Mon-Fri: 10:00-22:00; Sat: 10:00-22:00; Sun: 10:00-22:00,
1378,Gənclik Mall Birbank Rəqəmsal Mərkəz,Bakı,"Bakı şəhəri, Fətəli Xan Xoyski küçəsi 14 (Gənclik Mall ticarət mərkəzinin daxilində)",1,b-07,40.40017143119143,49.85266439671273,1,0,0,0,1,0,1,Mon-Fri: 10:00-22:00; Sat: 10:00-22:00; Sun: 10:00-22:00,
1379,Nərimanov Birbank Rəqəmsal Mərkəz,Bakı,"Bakı şəhəri, Ağa Nemətulla küçəsi 54 (Nəriman Nərimanov m/s yaxınlığında)",1,b-14,40.40515301282489,49.87046310095197,1,0,0,0,1,0,1,Mon-Fri: 10:00-19:00; Sat: 10:00-19:00; Sun: 10:00-19:00,
1381,Dəniz Mall Birbank Rəqəmsal Mərkəz,Bakı,"Bakı şəhəri, Neftçilər prospekti 26a (Dəniz Mall ticarət mərkəzinin daxilində)",1,rm-03,40.358489390768895,49.83694735868121,1,0,0,0,1,0,1,Mon-Fri: 10:00-22:00; Sat: 10:00-22:00; Sun: 10:00-22:00,
1382,7 saylı Bakı ASAN filialı,Bakı,"Bakı şəhəri, Nərimanov rayonu, Zaur Nudirəliyev küçəsi, 83 (7 saylı Bakı ASAN xidmət mərkəzində)",1,7-sayli-baki-asan-filiali,40.41342843605662,49.855806701609445,1,0,0,0,0,0,0,Mon-Fri: 09:00-18:30 (Müştərilərə xidmət vaxtı 09:00-18:00); Sat: 09:30-17:30 (Müştərilərə xidmət vaxtı 09:30-17:00); Sun: 09:30-17:30 (Müştərilərə xidmət vaxtı 09:30-17:00),
1383,Məhəmməd Hadi filialı,Bakı,"Bakı şəh., Xətai rayonu, Məhəmməd Hadi küçəsi 73 (H. Aslanov m. yaxınlığı)",1,mehemmed-hadi-filiali,40.37207628139291,49.9537959586714,1,0,0,0,0,0,0,Mon-Fri: 09:00-18:00 (Müştərilərə xidmət vaxtı 09:00-17:00); Sat: qeyri-iş günü; Sun: qeyri-iş günü,17:30-dan sonra yalnız rəqəmsal əməliyyatlar
1388,Hüseyn Cavid filialı,Bakı,"Bakı şəhəri, Yasamal rayonu, 578-ci məhəllə, Ak. Ş. Mehdiyev küçəsi 75, “Kristal Abşeron” yaşayış binası, 3-cü giriş, 1-ci mərtəbə",1,huseyn-cavid-filiali,40.38069245359999,49.81605818364643,1,0,0,0,0,0,0,Mon-Fri: 09:00-18:00 (Müştərilərə xidmət vaxtı 09:00-17:00); Sat: qeyri-iş günü; Sun: qeyri-iş günü,
1389,Birbank - Zəfər filialı,Bakı,"AZ1025, Bakı şəhəri, Xətai rayonu Ayaz İsmayılov küçəsi 69x",1,zefer-filiali,40.383818102554635,49.872310206933314,1,0,0,0,0,0,0,Mon-Fri: 09:00-18:00 (Müştərilərə xidmət vaxtı 09:00-17:00); Sat: qeyri-iş günü; Sun: qeyri-iş günü,
1394,"""KOB"" şöbəsi",Bakı,"Bakı şəhəri, Nərimanov rayonu, Akademik Ziya Bünyadov küçəsi 38C, 1969-cu məhəllə",1,kob-sobesi,40.41379,49.8543751,1,0,0,0,0,0,0,Mon-Fri: 09:00-18:00 (Müştərilərə xidmət vaxtı 09:00-17:00); Sat: qeyri-iş günü; Sun: qeyri-iş günü,
1403,"""28 Mall"" filialı",Bakı,"Bakı şəhəri, Nəsimi rayonu, Azadlıq prospekti 45, “28 Mall Ticarət Mərkəzi”ndə",1,28-mall-filiali,40.3790148903874,49.84671639465593,1,0,0,0,0,0,1,Mon-Fri: 10:00-21:45 (Müştərilərə xidmət vaxtı 10:00-21:45); Sat: 10:00-21:45 (Müştərilərə xidmət vaxtı 10:00-21:45); Sun: 10:00-21:45 (Müştərilərə xidmət vaxtı 10:00-21:45),
1404,"""Ağ şəhər KOB mərkəzi"" filialı",Bakı,"Bakı şəhəri, Xətai rayonu, Ağ Şəhər Fəvvarələr Meydanı, Tikinti sahəsi FS-003 inşa edilən yaşayış kompleksində, O-9/1 kod",1,ag-seher-kob-filiali,40.382075331303234,49.88621185236134,1,0,0,0,0,0,0,Mon-Fri: 09:00-18:00 (Müştərilərə xidmət vaxtı 09:00-17:00); Sat: qeyri-iş günü; Sun: qeyri-iş günü,
1405,53 saylı Notariat şöbəsi,Bakı,"Bakı şəhəri, Yasamal rayonu, Ə.Ələkbərov küçəsi, 528-ci məhəllə",1,53-sayli-notariat-sobesi,40.36988272352686,49.817830863394555,1,0,0,0,0,0,0,Mon-Fri: 10:00-19:00 (Müştərilərə xidmət vaxtı 10:00-18:00); Sat: qeyri-iş günü; Sun: qeyri-iş günü,
1406,35 saylı Notariat şöbəsi,Bakı,"Bakı şəhəri, Suraxanı rayonu, Hövsan qəsəbəsi, E.Qasımov küçəsi 15A",1,35-sayli-notariat-shobesi,40.36524262990447,50.075458491283314,1,0,0,0,0,0,1,Mon-Fri: 09:00-18:00 (Müştərilərə xidmət vaxtı 09:00-17:00); Sat: 09:00-18:00 (Müştərilərə xidmət vaxtı 09:00-17:00); Sun: qeyri-iş günü,
1408,16 saylı Notariat şöbəsi,Bakı,"Bakı şəhəri, Sabunçu rayonu, Bakıxanov qəsəbəsi, Park küçəsi 10",1,16-sayli-notariat-shobesi,40.421702609732044,49.96367794540284,1,0,0,0,0,0,1,Mon-Fri: 09:00-18:00 (Müştərilərə xidmət vaxtı 09:00-17:00); Sat: 09:00-18:00 (Müştərilərə xidmət vaxtı 09:00-17:00); Sun: qeyri-iş günü,
1409,54 saylı Notariat şöbəsi,Bakı,"Bakı şəhəri, Nəsimi rayonu, Xan Şuşinski küçəsi 12/54",1,54-sayli-notariat-sobesi,40.393520354288555,49.83828479946745,1,0,0,0,0,0,1,Mon-Fri: 10:00-19:00 (Müştərilərə xidmət vaxtı 10:00-18:00); Sat: 10:00-17:00 (Müştərilərə xidmət vaxtı 10:00-16:00); Sun: qeyri-iş günü,
1410,9 saylı Notariat şöbəsi,Bakı,"Bakı şəhəri, Nərimanov rayonu, H.Əliyev prospekti 72",1,9-sayli-notariat-shobesi,40.399498795811326,49.87691597924971,1,0,0,0,0,0,1,Mon-Fri: 09:00-18:00 (Müştərilərə xidmət vaxtı 09:00-17:00); Sat: 09:00-17:00 (Müştərilərə xidmət vaxtı 09:00-16:00); Sun: qeyri-iş günü,
1412,51 saylı Notariat şöbəsi,Bakı,"Bakı şəhəri, Nərimanov rayonu, Azadlıq prospekti, 132",1,51-sayli-notariat-shobesi,40.40464720418882,49.83705393384882,1,0,0,0,0,0,1,Mon-Fri: 10:00-19:00 (Müştərilərə xidmət vaxtı 10:00-18:00); Sat: 10:00-16:00 (Müştərilərə xidmət vaxtı 10:00-15:00); Sun: qeyri-iş günü,
1413,32 saylı Notariat şöbəsi,Bakı,"Bakı şəhəri, Nəsimi rayonu, Hüseyn Seyidzadə küçəsi, 13",1,32-sayli-notariat-shobesi,40.416593914146034,49.8146651496483,1,0,0,0,0,0,1,Mon-Fri: 10:00-19:00 (Müştərilərə xidmət vaxtı 10:00-18:00); Sat: 10:00-19:00 (Müştərilərə xidmət vaxtı 10:00-18:00); Sun: qeyri-iş günü,
1414,26 saylı Notariat şöbəsi,Bakı,"Bakı şəhəri, Binəqədi rayonu, Aydınbəyov küçəsi, 106",1,26-sayli-notariat-shobesi,40.42982735633248,49.84144685638112,1,0,0,0,0,0,1,Mon-Fri: 10:00-19:00 (Müştərilərə xidmət vaxtı 10:00-18:00); Sat: 10:00-16:00 (Müştərilərə xidmət vaxtı 10:00-15:00); Sun: qeyri-iş günü,
1417,12 saylı Notariat şöbəsi,Bakı,"Bakı şəhəri, Yasamal rayonu, İnşaatçılar prospekti, 28A",1,12-sayli-notariat-shobesi,40.37987559086294,49.82159287532155,1,0,0,0,0,0,1,Mon-Fri: 09:00-19:00 (Müştərilərə xidmət vaxtı 09:00-18:00); Sat: qeyri-iş günü; Sun: qeyri-iş günü,
1418,15 saylı Notariat şöbəsi,Bakı,"Bakı şəhəri, Nizami rayonu, Məhsəti Gəncəvi küçəsi, 31A",1,15-sayli-notariat-shobesi,40.40788814633709,49.936678475796924,1,0,0,0,0,0,1,"Mon-Fri: ""10:00-19:00 (Müştərilərə xidmət vaxtı 10:00-18:00); Sat: 10:00-19:00 (Müştərilərə xidmət vaxtı 10:00-18:00); Sun: 10:00-19:00 (Müştərilərə xidmət vaxtı 10:00-18:00)",
1419,19 saylı Notariat şöbəsi,Bakı,"Bakı şəhəri, Yasamal rayonu, Ə.Əhmədov küçəsi, 24A",1,19-sayli-notariat-shobesi,40.39428785345024,49.80336166202685,1,0,0,0,0,0,1,Mon-Fri: 10:00-19:00 (Müştərilərə xidmət vaxtı 10:00-18:00); Sat: 10:00-16:00 (Müştərilərə xidmət vaxtı 10:00-15:00); Sun: qeyri-iş günü,
1421,14 saylı Notariat şöbəsi,Bakı,"Bakı şəhəri, Nəsimi rayonu, Moskva prospekti 58/1",1,14-sayli-notariat-shobesi,40.40650954852901,49.80698529180758,1,0,0,0,0,0,1,Mon-Fri: 09:00-19:00 (Müştərilərə xidmət vaxtı 09:00-18:00); Sat: 10:00-15:00 (Müştərilərə xidmət vaxtı 10:00-14:00); Sun: qeyri-iş gün,
1429,Bakı 2 saylı Notariat şöbəsi,Bakı,"Bakı şəhəri, Səbail rayonu, Ə. Yaqubov küçəsi, 2",1,2-sayli-notariat-shobesi-287,40.341472,49.838354,1,0,0,0,0,0,1,Mon-Fri: 10:00-19:00 (Müştərilərə xidmət vaxtı 10:00-18:00); Sat: 10:00-17:00 (Müştərilərə xidmət vaxtı 10:00-16:00); Sun: qeyri-iş günü,
1433,21 saylı Notariat şöbəsi,Bakı,"Bakı şəhəri, Nərimanov rayonu, Təbriz küçəsi küçəsi, 227D",1,21-sayli-notariat-sobesi,40.40510032029071,49.875314815239115,1,0,0,0,0,0,0,Mon-Fri: 09:00-18:00 (Müştərilərə xidmət vaxtı 09:00-17:00); Sat: qeyri-iş günü; Sun: qeyri-iş günü,
1434,23 saylı Notariat şöbəsi,Bakı,"Bakı şəhəri, Yasamal rayonu, Şəfayət Mehdiyev küçəsi, 136/90A",1,notariat-departament-n-23,40.38678205032994,49.81607473182514,1,0,0,0,0,0,0,Mon-Fri: 09:00-18:00 (Müştərilərə xidmət vaxtı 09:00-17:00); Sat: qeyri-iş günü; Sun: qeyri-iş günü,
1435,Baş Ofis,Bakı,Neftçilər prospekti 153,1,birbank-bas-ofis,40.376433833052054,49.86371498807083,1,0,0,0,0,0,0,Mon-Fri: ; Sat: ; Sun: ,
1436,Maştağa Birbank Rəqəmsal Mərkəz,Bakı,Maştağa qəsəbəsi Axund Mirzə Abdulkərim küç. 8.,1,birbank-reqemsal-merkez-mastaga,40.529354,49.998302,1,0,0,0,1,0,1,Mon-Fri: 10:00-19:00; Sat: 10:00-19:00; Sun: 10:00-19:00,
1437,Crescent Mall Birbank Rəqəmsal Mərkəz,Bakı,"Bakı şəhəri, Nəsimi ray. Neftçilər pr. 68",1,birbank-reqemsal-merkez-crescent,40.37423,49.86038,1,0,0,0,1,0,1,Mon-Fri: 10:00 - 22:00; Sat: 10:00 - 22:00; Sun: 10:00 - 22:00,
1439,Port Baku filialı,Bakı,"Bakı şəhəri, Nəsimi rayonu, 687-ci məhəllə, Neftçilər prospekti 155",1,port-baku-filiali,40.375883239488815,49.86329061727881,1,0,0,0,0,0,0,Mon-Fri: 09:00-18:00; Sat: ; Sun: ,
1440,Fərdi Bankçılıq bölməsi (Port Baku),Bakı,"Bakı şəhəri, Nəsimi rayonu, 687-ci məhəllə, Neftçilər prospekti 155",1,private-banking-port-baku,40.37596241531596,49.86352548708362,1,0,0,0,0,0,0,Mon-Fri: 09:00-18:00; Sat: ; Sun: ,
1442,13 saylı Notariat şöbəsi,Bakı,"Bakı şəhəri, Nərimanov rayonu, Ü.Bünyadzadə küçəsi 2",1,13-sayli-notariat-shobesi,40.385062178892206,49.85065046848412,1,0,0,0,0,0,1,Mon-Fri: 09:00-18:00; Sat: 10:00 - 17:00; Sun: qeyri-iş günü,
1443,22 saylı Notariat şöbəsi,Bakı,"Bakı şəhəri, Nəsimi rayonu, Seyid Cəfər Pişəvari küçəsi 156A",1,22-sayli-notariat-sobesi,40.40962580870081,49.815461471164525,1,0,0,0,0,0,0,Mon-Fri: ; Sat: ; Sun: ,
1444,Binə Birbank Rəqəmsal Mərkəz,Bakı,"Binə qəsəbəsi Hicran Hasılov ev 13, mən 46 (Laçın Marketin qarşısı)",1,bine-reqemsal-merkezi,40.447706978023305,50.08580236740942,1,0,0,0,1,0,1,Mon-Fri: ; Sat: ; Sun: ,
1445,Binəqədi Rəqəmsal Mərkəz,Bakı,"Binəqədi qəsəbəsi, Gülməmməd Ramazanov küç.(Binəqədi Center, 179 saylı məktəb ilə üzbəüz)",1,bineqedi-reqemsal-merkez,40.465855364195924,49.82833524103326,1,0,0,0,1,0,1,Mon-Fri: ; Sat: ; Sun: ,
1446,Yeni Günəşli Rəqəmsal Mərkəz,Bakı,"Günəşli qəsəbəsi, Surxay Noçuyev küç. (Ballı Market ilə üzbəüz)",1,yeni-gunesli-reqemsal-merkez,40.37647205395877,49.97786761116751,1,0,0,0,1,0,1,Mon-Fri: ; Sat: ; Sun: ,
1448,Sahil Birbank Rəqəmsal Mərkəz,Bakı,"Qaradağ rayonu, Sahil qəsəbəsi, Bəxtiyar Əliyev 41C",1,birbank-reqemsal-merkez-sahil,40.223317220352726,49.57708981349269,1,0,0,0,1,0,1,Mon-Fri: ; Sat: ; Sun: ,
77,Abşeron filialı,Abşeron,"Abşeron rayonu, Xırdalan şəhəri, Qəzənfər Musabəyov küçəsi bina 22",2,absheron-rayon-filiali,40.4528598257688,49.75130830597639,1,0,0,0,0,0,1,Mon-Fri: 09:00-18:00 (Müştərilərə xidmət vaxtı 09:00-17:00); Sat: qeyri-iş günü; Sun: qeyri-iş günü,
1411,1 saylı Notariat şöbəsi,Abşeron,"Xırdalan şəhəri, M. Ə. Rəsulzadə küç. 3",2,1-sayli-notariat-shobesi,40.4493027,49.7482414,1,0,0,0,0,0,1,Mon-Fri: 10:00-19:00 (Müştərilərə xidmət vaxtı 10:00-18:00); Sat: 10:00-19:00 (Müştərilərə xidmət vaxtı 10:00-18:00); Sun: qeyri-iş günü,
1423,2 saylı Notariat şöbəsi,Abşeron,"Xırdalan şəhəri, Mehdi Hüseynzadə küçəsi, 19B",2,2-sayli-notariat-shobesi,40.341404,49.8357926,1,0,0,0,0,0,0,Mon-Fri: 10:00-18:00; Sat: ; Sun: ,
21,Ağcabədi filialı,Ağcabədi,,3,agcabedi-rayon-filiali,40.05241232725276,47.46057999031279,0,0,0,0,0,0,0,Mon-Fri: 09:00-18:00 (Müştərilərə xidmət vaxtı 09:00-17:00); Sat: qeyri-iş günü; Sun: qeyri-iş günü,
920,Ağcabədi şöbəsi,Ağcabədi,"Ağcabədi rayonu, Üzeyir Hacıbəyli prospekti (ASAN xidmət daxilində)",3,agcabedi-shobesi,40.055728073805135,47.416698816876824,1,0,0,0,0,0,1,Mon-Fri: 09:00-18:00 (Müştərilərə xidmət vaxtı 09:00-17:00); Sat: 09:00-16:30 (Müştərilərə xidmət vaxtı 09:00-16:00); Sun: 09:00-16:30 (Müştərilərə xidmət vaxtı 09:00-16:00),
314,Ağdam filialı,Ağdam,"Ağdam rayonu, Quzanlı kəndi",4,agdam-filiali-679,40.163702081788934,47.15603666895763,1,0,0,0,0,0,1,Mon-Fri: 09:00-18:00 (Müştərilərə xidmət vaxtı 09:00-17:00); Sat: qeyri-iş günü; Sun: qeyri-iş günü,
323,Ağdaş filialı,Ağdaş,"Аğdаş şəhəri, Hеydər Əliyеv Хiyаbаnı 6",5,agdash-rayon-filiali,40.64510186823032,47.47500157064872,1,0,0,0,0,0,0,Mon-Fri: 09:00-18:00 (Müştərilərə xidmət vaxtı 09:00-17:00); Sat: qeyri-iş günü; Sun: qeyri-iş günü,
327,Ağstafa filialı,Ağstafa,"Аğstаfа şəhəri, Cəfər Cabbarlı küçəsi 25A",6,agstafa-rayon-filiali-647,41.1129723,45.44067,1,0,0,0,0,0,0,Mon-Fri: 09:00-18:00 (Müştərilərə xidmət vaxtı 09:00-17:00); Sat: qeyri-iş günü; Sun: qeyri-iş günü,
38,Ağsu filialı,Ağsu,"Ağsu şəhəri, H. Əliyev küçəsi 109",7,agsu-filiali,40.56702106182912,48.402716309069646,1,0,0,0,0,0,0,Mon-Fri: 09:00-18:00 (Müştərilərə xidmət vaxtı 09:00-17:00); Sat: qeyri-iş günü; Sun: qeyri-iş günü,
336,Astara filialı,Astara,"Astara şəhəri, H. Əliyev prospekti 71",8,astara-rayon-filiali-669,38.450399595441795,48.87403545346488,1,0,0,0,0,0,0,Mon-Fri: 09:00-18:00 (Müştərilərə xidmət vaxtı 09:00-17:00); Sat: qeyri-iş günü; Sun: qeyri-iş günü,
344,Babək filialı,Babək,"Naxçıvan MR, Bаbək rayonu, Babək qəsəbəsi, H. Əliyеv prospеkti 26",9,babekbabek-filiali-627,39.158184332686254,45.44564362722187,1,0,0,0,0,0,0,Mon-Fri: 09:00-18:00 (Müştərilərə xidmət vaxtı 09:00-17:00); Sat: qeyri-iş günü; Sun: qeyri-iş günü,
401,Balakən  filialı,Balakən,"Balakən şəhəri, M. Əsədov küçəsi 21",10,balaken-rayon-filiali-662,41.72250002271381,46.40294357838069,1,0,0,0,0,0,0,Mon-Fri: 09:00-18:00 (Müştərilərə xidmət vaxtı 09:00-17:00); Sat: qeyri-iş günü; Sun: qeyri-iş günü,
945,Balakən şöbəsi,Balakən,"Balakən rayonu, ""ASAN Həyat"" kompleksi",10,balaken-shobesi,41.7070445,46.4205046,1,0,0,0,0,0,0,Mon-Fri: 09:00-18:00 (Müştərilərə xidmət vaxtı 09:00-17:00); Sat: 09:00-16:30 (Müştərilərə xidmət vaxtı 09:00-16:00); Sun: 09:00-16:30 (Müştərilərə xidmət vaxtı 09:00-16:00),
377,Beyləqan filialı,Beyləqan,"Beyləqan şəhəri,G.Əsədov küçəsi 46",11,beyleqan-rayon-filiali-634,39.77277796857929,47.61643873702003,1,0,0,0,0,0,1,Mon-Fri: 09:00-18:00 (Müştərilərə xidmət vaxtı 09:00-17:00); Sat: qeyri-iş günü; Sun: qeyri-iş günü,
388,Biləsuvar filialı,Biləsuvar,"Biləsuvar şəhəri, H. Əliyev küçəsi 42",13,siyezen-rayon-filiali-650,39.45476366909407,48.54667824268275,1,0,0,0,0,0,0,Mon-Fri: 09:00-18:00 (Müştərilərə xidmət vaxtı 09:00-17:00); Sat: qeyri-iş günü; Sun: qeyri-iş günü,16:30-dan sonra yalnız rəqəmsal əməliyyatlar
375,Bərdə filialı,Bərdə,"Bərdə şəhəri, M.Rəsulzadə küçəsi 11",12,berde-filiali-631,40.38534386436442,47.12482790416756,1,0,0,0,0,0,1,Mon-Fri: 09:00-18:00 (Müştərilərə xidmət vaxtı 09:00-17:00); Sat: qeyri-iş günü; Sun: qeyri-iş günü,
1430,Cəbrayıl filialı,Cəbrayıl,Cəbrayıl şəhəri,14,cebrayil-filiali,39.4505998462988,48.54316788678726,1,0,0,0,0,0,0,Mon-Fri: 09:00-18:00; Sat: ; Sun: ,
394,Cəlilabad filialı,Cəlilabad,"Cəlilabad şəhəri, Azərbaycan küçəsi, 121",15,celilabad-rayon-filiali-656,39.211878038525526,48.505507763390796,1,0,0,0,0,0,0,Mon-Fri: 09:00-18:00 (Müştərilərə xidmət vaxtı 09:00-17:00); Sat: qeyri-iş günü; Sun: qeyri-iş günü,
1397,Culfa şöbəsi,Culfa,Culfa Gömrük keçid Məntəqəsi,16,culfa-shobesi,38.94710820076387,45.63204367508405,1,0,0,0,0,0,0,Mon-Fri: 7 gün / 24 saat; Sat: 7 gün / 24 saat; Sun: 7 gün / 24 saat,
878,Daşkəsən filialı,Daşkəsən,"Daşkəsən şəhəri, M. Əsədov küçəsi 14",17,dashkesen-rayon-filiali-677,40.52138939102746,46.0826557705699,1,0,0,0,0,0,0,Mon-Fri: 09:00-18:00 (Müştərilərə xidmət vaxtı 09:00-17:00); Sat: qeyri-iş günü; Sun: qeyri-iş günü,
880,Füzuli filialı,Füzuli,"Füzuli rayonu, Horadiz şəhəri, 20 yanvar küçəsi 12",18,fuzuli-rayon-filiali-684,39.44766767940643,47.33900228133563,1,0,0,0,0,0,1,Mon-Fri: 09:00-18:00 (Müştərilərə xidmət vaxtı 09:00-17:00); Sat: qeyri-iş günü; Sun: qeyri-iş günü,
875,Gədəbəy filialı,Gədəbəy,"Gədəbəy şəhəri, 20 Yanvar küçəsi 4",19,gedebey-rayon-filiali-674,40.57622576319756,45.810365649726116,1,0,0,0,0,0,0,Mon-Fri: 09:00-18:00 (Müştərilərə xidmət vaxtı 09:00-17:00); Sat: qeyri-iş günü; Sun: qeyri-iş günü,
366,Gəncə filialı,Gəncə,"Gəncə şəhəri, Cavadxan küçəsi 24",20,gence-filiali-622,40.67460512791116,46.36009218955952,1,0,0,0,0,0,1,Mon-Fri: 09:00-18:00 (Müştərilərə xidmət vaxtı 09:00-17:00); Sat: qeyri-iş günü; Sun: qeyri-iş günü,
367,Kəpəz filialı,Gəncə,"Gəncə şəhəri, Kəpəz rayonu, Nəriman Nərimanov prospekti 4-cü döngə, 2C",20,kepez-filiali-623,40.677567095490694,46.3757143417757,1,0,0,0,0,0,0,Mon-Fri: 09:00-18:00 (Müştərilərə xidmət vaxtı 09:00-17:00); Sat: qeyri-iş günü; Sun: qeyri-iş günü,
518,Nizami filialı,Gəncə,"Gəncə şəhəri, H.Əliyev prospekti 101A",20,gence-kart-merkezi-860,40.68679798329542,46.36465239219415,1,0,0,0,0,0,0,Mon-Fri: 09:00-18:00 (Müştərilərə xidmət vaxtı 09:00-17:00); Sat: qeyri-iş günü; Sun: qeyri-iş günü,
1380,Qərb filialı,Gəncə,"Gəncə şəhəri, Gəncə-Şəmkir şossesi  (2 saylı Gəncə “ASAN xidmət” mərkəzində)",20,qerb-filiali,40.69682926901757,46.32892270004127,1,0,0,0,0,0,0,Mon-Fri: 09:00-18:30 (Müştərilərə xidmət vaxtı 09:00-18:00); Sat: 09:00-16:30 (Müştərilərə xidmət vaxtı 09:00-16:00); Sun: 09:00-16:30 (Müştərilərə xidmət vaxtı 09:00-16:00),
1438,Gəncə Mall Birbank Rəqəmsal Mərkəz,Gəncə,"Heydər Əliyev pr. 433,  Gəncə Mall -1ci mərtəbə",20,birbank-reqemsal-merkez-gence,40.677135540326354,46.359483996419655,1,0,0,0,1,0,1,Mon-Fri: 10:00 - 22:00; Sat: 10:00 - 22:00; Sun: 10:00 - 22:00,
386,Goranboy filialı,Goranboy,"Goranboy şəhəri, H. Əliyev prospekti 9",21,goranboy-filiali-645,40.60785959423708,46.78899175084084,1,0,0,0,0,0,1,Mon-Fri: 09:00-18:00 (Müştərilərə xidmət vaxtı 09:00-17:00); Sat: qeyri-iş günü; Sun: qeyri-iş günü,
873,Göyçay filialı,Göyçay,"Göyçay rayonu, H. Z. Tağıyev küç",22,goycay-filiali-672,40.64705452889146,47.74756350445836,1,0,0,0,0,0,0,Mon-Fri: 09:00-18:00 (Müştərilərə xidmət vaxtı 09:00-17:00); Sat: qeyri-iş günü; Sun: qeyri-iş günü,
877,Göygöl filialı,Göygöl,"Göygöl şəhəri, H.Əliyev prospekti 45",23,goygol-rayon-filiali-676,40.58896381594055,46.31810149213119,1,0,0,0,0,0,0,Mon-Fri: 09:00-18:00 (Müştərilərə xidmət vaxtı 09:00-17:00); Sat: qeyri-iş günü; Sun: qeyri-iş günü,
395,Hacıqabul filialı,Hacıqabul,"Hacıqabul şəhəri, İ. Qayıbov küçəsi 23B",24,haciqabul-rayon-filiali-638,40.0277316386113,48.935021781265874,1,0,0,0,0,0,0,Mon-Fri: 09:00-18:00 (Müştərilərə xidmət vaxtı 09:00-17:00); Sat: qeyri-iş günü; Sun: qeyri-iş günü,
398,Xaçmaz  filialı,Xaçmaz,"Xaçmaz şəhəri,  H. Z. Tağıyev küçəsi 9",25,xacmaz-filiali-659,41.46318854870102,48.7952546467025,1,0,0,0,0,0,0,Mon-Fri: 09:00-18:00 (Müştərilərə xidmət vaxtı 09:00-17:00); Sat: qeyri-iş günü; Sun: qeyri-iş günü,
1375,Xaçmaz şöbəsi,Xaçmaz,"Xaçmaz şəhəri, Bakı prospekti 2E",25,xachmaz-shobesi,41.43012451808228,48.81220821267798,1,0,0,0,0,0,0,Mon-Fri: 09:00-18:30 (Müştərilərə xidmət vaxtı 09:00-18:00); Sat: ; Sun: ,
1431,Xaçmaz Notariat şöbəsi,Xaçmaz,"Xaçmaz şəhəri, Nəriman Nərimanov küçəsi ev 70",25,xachmaz-notariat-shobesi,41.460218553760335,48.79761773141673,1,0,0,0,0,0,0,Mon-Fri: 09:00-18:00 (Müştərilərə xidmət vaxtı 09:00-17:00); Sat: qeyri-iş günü; Sun: qeyri-iş günü,
1393,Xırdalan filialı,Xırdalan,"Xırdalan şəhəri, Heydər Əliyev prospekti 31-ci məhəllə, ev 3",26,xirdalan-filiali,40.45347336011024,49.74026801263433,1,0,0,0,0,0,0,Mon-Fri: 09:00-18:00 (Müştərilərə xidmət vaxtı 09:00-17:00); Sat: qeyri-iş günü; Sun: qeyri-iş günü,
1401,Foodcity filialı,Xudat,"Xaçmaz rayonu, Xudat şəhəri, Osman Mirzəyev küçəsi,55",28,foodcity-filiali,41.62971078509723,48.68643880327065,1,0,0,0,0,0,0,Mon-Fri: 09:00-18:00 (Müştərilərə xidmət vaxtı 09:00-17:00); Sat: qeyri-iş günü; Sun: qeyri-iş günü,
399,İmişli filialı,İmişli,"İmişli şəhəri, H. Əliyev prospekti 144",29,imishli-rayon-filiali-660,39.86813577249739,48.05503323335416,1,0,0,0,0,0,1,Mon-Fri: 09:00-18:00 (Müştərilərə xidmət vaxtı 09:00-17:00); Sat: qeyri-iş günü; Sun: qeyri-iş günü,
889,İmişli şöbəsi,İmişli,"İmişli şəhəri, S. Fətəliyev küçəsi (ASAN Xidmət Mərkəzi)",29,imishli-shobesi-905,39.87837870124703,48.08420046432352,1,0,0,0,0,0,0,Mon-Fri: 09:00-18:00 (Müştərilərə xidmət vaxtı 09:00-17:00); Sat: 09:00-16:30 (Müştərilərə xidmət vaxtı 09:00-16:00); Sun: 09:00-16:30 (Müştərilərə xidmət vaxtı 09:00-16:00),
872,İsmayıllı filialı,İsmayıllı,"İsmayıllı şəhəri, M.F. Axundov küçəsi 53 A",30,ismayilli-rayon-filiali-671,40.78210599106184,48.155673622125434,1,0,0,0,0,0,0,Mon-Fri: 09:00-18:00 (Müştərilərə xidmət vaxtı 09:00-17:00); Sat: qeyri-iş günü; Sun: qeyri-iş günü,
882,Kəngərli filialı,Kəngərli,"Kəngərli rayonu, Qıvraq qəs.",31,kengerli-filiali-685,39.39973122817569,45.113075768644705,1,0,0,0,0,0,0,Mon-Fri: 09:00-18:00 (Müştərilərə xidmət vaxtı 09:00-17:00); Sat: qeyri-iş günü; Sun: qeyri-iş günü,
1398,Kəngərli şöbəsi,Kəngərli,Kəngərli rayonunun Şahtaxtı Gömrük keçid Məntəqəsi,31,kengerli-shobesi,39.36265821494384,45.07298086197821,1,0,0,0,0,0,0,Mon-Fri: 09:00 - növbəti gün 04:00-ə kimi (19 saat); Sat: 09:00 - növbəti gün 04:00-ə kimi (19 saat); Sun: 09:00 - növbəti gün 04:00-ə kimi (19 saat),
390,Kürdəmir filialı,Kürdəmir,"Kürdəmir şəhəri, Babək küçəsi 47",32,kurdemir-filiali-652,40.35227745273703,48.16381651900576,1,0,0,0,0,0,0,Mon-Fri: 09:00-18:00 (Müştərilərə xidmət vaxtı 09:00-17:00); Sat: qeyri-iş günü; Sun: qeyri-iş günü,
911,Kürdəmir şöbəsi,Kürdəmir,"Kürdəmir şəhəri, Atakişili kəndinin cənub-şərq hissəsi (ASAN xidmət mərkəzində)",32,kurdemir-shobesi,40.32207215090601,48.1917499572622,1,0,0,0,0,0,0,Mon-Fri: 09:00-18:00 (Müştərilərə xidmət vaxtı 09:00-17:00); Sat: 09:00-16:30 (Müştərilərə xidmət vaxtı 09:00-16:00); Sun: 09:00-16:30 (Müştərilərə xidmət vaxtı 09:00-16:00),
403,Qax filialı,Qax,"Qax şəhəri, Ü. Hacıbəyov küçəsi 10",33,qax-rayon-filiali,41.422146594221026,46.91397377625641,1,0,0,0,0,0,0,Mon-Fri: 09:00-18:00 (Müştərilərə xidmət vaxtı 09:00-17:00); Sat: qeyri-iş günü; Sun: qeyri-iş günü,
374,Qazax filialı,Qazax,"Qazax şəhəri, Heydər Əliyev pr. 65 A",34,qazax-rayon-filiali-629,41.08875063962994,45.356830657276625,1,0,0,0,0,0,0,Mon-Fri: 09:00-18:00 (Müştərilərə xidmət vaxtı 09:00-17:00); Sat: qeyri-iş günü; Sun: qeyri-iş günü,
1365,Qazax şöbəsi,Qazax,"Qazax rayonu, Qırmızı Körpü Gömrük Nəzarət buraxılış məntəqəsi",34,qazax-shobesi-297,41.3269081,45.0783005,1,0,0,0,0,0,0,Mon-Fri: 7 gün / 24 saat; Sat: 7 gün / 24 saat; Sun: 7 gün / 24 saat,
385,Qəbələ filialı,Qəbələ,"Qəbələ ray, İ. Qutqaşınlı küçəsi 50",35,qebele-rayon-filiali-644,40.97644197710667,47.844286727427644,1,0,0,0,0,0,0,Mon-Fri: 09:00-18:00 (Müştərilərə xidmət vaxtı 09:00-17:00); Sat: qeyri-iş günü; Sun: qeyri-iş günü,
1372,Qəbələ şöbəsi,Qəbələ,"Qəbələ rayonu, Elçin Kərimov küçəsi 71 (""ASAN xidmət"" Mərkəzi"")",35,qebele-sobesi,40.979726514644724,47.829412605615175,1,0,0,0,0,0,0,Mon-Fri: 09:00-18:00 (Müştərilərə xidmət vaxtı 09:00-17:00); Sat: 09:00-16:30 (Müştərilərə xidmət vaxtı 09:00-16:00); Sun: 09:00-16:30 (Müştərilərə xidmət vaxtı 09:00-16:00),
867,Qobustan filialı,Qobustan,"Qobustan şəhəri, Yeni massiv 1, ev11",36,qobustan-rayon-filiali-665,40.52867227110556,48.93762597337871,1,0,0,0,0,0,0,Mon-Fri: 09:00-18:00 (Müştərilərə xidmət vaxtı 09:00-17:00); Sat: qeyri-iş günü; Sun: qeyri-iş günü,
397,Quba  filialı,Quba,"Quba şəhəri, H. Əliyev prospekti 23",37,quba-rayon-filiali-658,41.35886907199199,48.50358601896769,1,0,0,0,0,0,0,Mon-Fri: 09:00-18:00 (Müştərilərə xidmət vaxtı 09:00-17:00); Sat: qeyri-iş günü; Sun: qeyri-iş günü,
886,Şimal filialı,Quba,"Quba şəh., Heydər Əliyev pr. (Quba regional “ASAN xidmət mərkəzinin Quba ASAN Həyat kompleksində)",37,shimal-filiali-824,41.36449176852465,48.55519641580866,1,0,0,0,0,0,0,Mon-Fri: 09:00-18:00 (Müştərilərə xidmət vaxtı 09:00-17:00); Sat: 09:00-16:30 (Müştərilərə xidmət vaxtı 09:00-16:00); Sun: 09:00-16:30 (Müştərilərə xidmət vaxtı 09:00-16:00),
384,Qusar filialı,Qusar,"Qusar şəhəri, H.Əliyev prospekti 127",38,qusar-rayon-filiali-643,41.41867218544334,48.41677651884182,1,0,0,0,0,0,0,Mon-Fri: 09:00-18:00 (Müştərilərə xidmət vaxtı 09:00-17:00); Sat: qeyri-iş günü; Sun: qeyri-iş günü,
1424,Laçın filialı,Laçın,"Laçın şəhəri, Heydər Əliyev küçəsi 87",39,lachin-filiali,40.10224647658172,47.51856932442378,1,1,0,0,0,0,0,Mon-Fri: 09:00-18:00 (Müştərilərə xidmət vaxtı 09:00-17:00); Sat: qeyri-iş günü; Sun: qeyri-iş günü,
869,Lerik filialı,Lerik,"Lerik şəhəri, C. Şahıyev küçəsi 3A",40,lerik-filiali-667,38.77001002608787,48.42031642617513,1,0,0,0,0,0,0,Mon-Fri: 09:00-18:00 (Müştərilərə xidmət vaxtı 09:00-17:00); Sat: qeyri-iş günü; Sun: qeyri-iş günü,
376,Lənkəran şəhər filialı,Lənkəran,"Lənkəran şəhəri, M. Nəsirli küçəsi 3",41,lenkeran-sheher-filiali-632,38.75330232223717,48.85279121413192,1,0,0,0,0,0,0,Mon-Fri: 09:00-18:00 (Müştərilərə xidmət vaxtı 09:00-17:00); Sat: qeyri-iş günü; Sun: qeyri-iş günü,
1416,Lənkəran şöbəsi,Lənkəran,"Lənkəran rayonu, Qurumba kəndinə bitişik ərazi, Ələt-Astara yeni avtomobil yolunun 172-ci kilometirliyi (Lənkəran regional ASAN xidmət mərkəzində)",41,branch,38.73027405145033,48.77626394237507,1,0,0,0,0,0,1,Mon-Fri: 09:00-18:00; Sat: 09:00-17:00; Sun: ,
393,Birbank - Masallı  filialı,Masallı,"Masallı şəhəri, H.Əliyev prospekti 91",42,masalli-rayon-filiali-655,39.02891892708028,48.66418751613544,1,0,0,0,0,0,1,Mon-Fri: 09:00-18:00 (Müştərilərə xidmət vaxtı 09:00-17:00); Sat: qeyri-iş günü; Sun: qeyri-iş günü,
884,Cənub filialı,Masallı,"Masallı şəhəri, M.Talışxanov prospekti, ASAN xidmət",42,cenub-filiali-795,39.02003025914203,48.69205344748384,1,0,0,0,0,0,0,Mon-Fri: 09:00-18:00 (Müştərilərə xidmət vaxtı 09:00-17:00); Sat: 09:00-16:30 (Müştərilərə xidmət vaxtı 09:00-16:00); Sun: 09:00-16:30 (Müştərilərə xidmət vaxtı 09:00-16:00),
368,Mingəçevir şəhər filialı,Mingəçevir,"Mingəçevir şəhəri, M.Ə.Rəsulzadə küçəsi 1A",43,mingecevir-sheher-filiali-624,40.770950,47.042714,1,0,0,0,0,0,0,Mon-Fri: 09:00-18:00 (Müştərilərə xidmət vaxtı 09:00-17:00); Sat: qeyri-iş günü; Sun: qeyri-iş günü,
887,Mingəçevir şöbəsi,Mingəçevir,"Mingəçevir şəhəri, Heydər Əliyev prospekti 380 (ASAN xidmət mərkəzində)",43,mingecevir-shobesi-903,40.77114592869218,47.03533168048879,1,0,0,0,0,0,0,Mon-Fri: 09:00-18:00 (Müştərilərə xidmət vaxtı 09:00-17:00); Sat: 09:00-16:30 (Müştərilərə xidmət vaxtı 09:00-16:00); Sun: 09:00-16:30 (Müştərilərə xidmət vaxtı 09:00-16:00),
389,Naftalan şəhər filialı,Naftalan,"Naftalan şəhəri, S.Qurbanov küçəsi 11",44,naftalan-sheher-filiali-651,40.50580209866929,46.81394379963507,1,0,0,0,0,0,0,Mon-Fri: 09:00-18:00 (Müştərilərə xidmət vaxtı 09:00-17:00); Sat: qeyri-iş günü; Sun: qeyri-iş günü,
370,Culfa filialı,Naxçıvan,"Naxçıvan MR, Culfa şəhəri, H. Əliyev prospekti 43",45,culfa-filiali-625,38.95621689297143,45.633928710620104,1,0,0,0,0,0,0,Mon-Fri: 09:00-18:00 (Müştərilərə xidmət vaxtı 09:00-17:00); Sat: qeyri-iş günü; Sun: qeyri-iş günü,
919,Naxçıvan filialı,Naxçıvan,"Naxçıvan şəhəri, İstiqlal küç. 85",45,naxcivan-filiali,39.21275539195221,45.410540535260346,1,0,0,0,0,0,0,Mon-Fri: 09:00-18:00 (Müştərilərə xidmət vaxtı 09:00-17:00); Sat: qeyri-iş günü; Sun: qeyri-iş günü,
1400,Naxçıvan Gömrük şöbəsi,Naxçıvan,Naxçıvan-Sədərək yolu 7-ci km Naxçıvan şəhər Gömrük İdarəsinin daxilində,45,naxcivan-gomruk-shobesi,39.2490196,45.3372841,1,0,0,0,0,0,0,Mon-Fri: 09:00-19:00 (Müştərilərə xidmət vaxtı 09:00-18:00); Sat: 09:00-19:00 (Müştərilərə xidmət vaxtı 09:00-18:00); Sun: qeyri-iş günü,
1402,Naxçıvan şöbəsi,Naxçıvan,"Naxçıvan şəhəri, Naxçıvan ASAN xidmət mərkəzində",45,naxcivan-shobesi,39.2210045,45.4047089,1,0,0,0,0,0,0,Mon-Fri: 09:00-18:30 (Müştərilərə xidmət vaxtı 09:00-18:00); Sat: 09:00-16:30 (Müştərilərə xidmət vaxtı 09:00-16:00); Sun: 09:00-16:30 (Müştərilərə xidmət vaxtı 09:00-16:00),
396,Neftçala filialı,Neftçala,"Neftçala şəhəri, H.Əliyev prospekti 33A",46,neftcala-rayon-filiali,39.389006958508325,49.24675054072597,1,0,0,0,0,0,0,Mon-Fri: 09:00-18:00 (Müştərilərə xidmət vaxtı 09:00-17:00); Sat: qeyri-iş günü; Sun: qeyri-iş günü,
400,Oğuz filialı,Oğuz,"Oğuz şəhəri, H. Aslanov küçəsi 10",47,oguz-rayon-filiali-661,41.071784140564404,47.46331213415401,1,0,0,0,0,0,0,Mon-Fri: 09:00-18:00 (Müştərilərə xidmət vaxtı 09:00-17:00); Sat: qeyri-iş günü; Sun: qeyri-iş günü,
369,Ordubad filialı,Ordubad,"Ordubad rayonu, Mənsur Ağa küç. 6",48,ordubad-filiali-687,38.904046128856244,46.02027034872708,1,0,0,0,0,0,0,Mon-Fri: 09:00-18:00 (Müştərilərə xidmət vaxtı 09:00-17:00); Sat: qeyri-iş günü; Sun: qeyri-iş günü,
392,Saatlı filialı,Saatlı,"Saatlı şəhəri, H. Əliyev prospekti 131",49,saatli-rayon-filiali-637,39.93903997841445,48.37259646626233,1,0,0,0,0,0,0,Mon-Fri: 09:00-18:00 (Müştərilərə xidmət vaxtı 09:00-17:00); Sat: qeyri-iş günü; Sun: qeyri-iş günü,
380,Sabirabad filialı,Sabirabad,"Sabirabad şəhəri, H. Əliyev prospekti 33",50,sabirabad-rayon-filiali-636,39.95325897188949,48.93574599714999,1,0,0,0,0,0,1,Mon-Fri: 09:00-18:00 (Müştərilərə xidmət vaxtı 09:00-17:00); Sat: qeyri-iş günü; Sun: qeyri-iş günü,
379,Salyan filialı,Salyan,"Salyan şəhəri, H.Əliyev küçəsi 90",51,salyan-rayon-filiali-639,39.59734201756883,48.98481686076884,1,0,0,0,0,0,1,Mon-Fri: 09:00-18:00 (Müştərilərə xidmət vaxtı 09:00-17:00); Sat: qeyri-iş günü; Sun: qeyri-iş günü,
1396,Salyan şöbəsi,Salyan,Salyan regional ASAN xidmət mərkəzi,51,salyan-shobesi-250,39.61470622296784,48.97354019887634,1,0,0,0,0,0,0,Mon-Fri: 09:00-18:00 (Müştərilərə xidmət vaxtı 09:00-17:00); Sat: 09:00-16:30 (Müştərilərə xidmət vaxtı 09:00-16:00); Sun: 09:00-16:30 (Müştərilərə xidmət vaxtı 09:00-16:00),
879,Samux filialı,Samux,"Samux rayonu, Nəbiağalı qəsəbəsi, Nəriman Nərimanov küçəsi, 9",52,samux-rayon-filiali-678,40.76560935188677,46.40473204927059,1,0,0,0,0,0,0,Mon-Fri: 09:00-18:00 (Müştərilərə xidmət vaxtı 09:00-17:00); Sat: qeyri-iş günü; Sun: qeyri-iş günü,
373,Sədərək filialı,Sədərək,"Naxçıvan MR, Sədərək rayonu, Heydərəbad qəsəbəsi",53,sederek-filiali-628,39.723693161759364,44.84971896116675,1,0,0,0,0,0,0,Mon-Fri: 09:00-18:00 (Müştərilərə xidmət vaxtı 09:00-17:00); Sat: qeyri-iş günü; Sun: qeyri-iş günü,
1399,Sədərək şöbəsi,Sədərək,Sədərək Gömrük keçid Məntəqəsi,53,sederek-filiali,39.66237925904549,44.81220123630025,1,0,0,0,0,0,0,Mon-Fri: 7 gün / 24 saat; Sat: 7 gün / 24 saat; Sun: 7 gün / 24 saat,
771,Siyəzən filialı,Siyəzən,"Siyəzən şəhəri, Əziz Əliyev küç 3",54,siyezen-rayon-filiali-399,41.07585949564536,49.112976834124865,1,0,0,0,0,0,0,Mon-Fri: 09:00-18:00 (Müştərilərə xidmət vaxtı 09:00-17:00); Sat: qeyri-iş günü; Sun: qeyri-iş günü,
364,Sumqayıt filialı,Sumqayıt,"Sumqayıt şəhəri, C. Cabbarlı küçəsi 1 (40-cı məhəllə)",55,sumqayit-filiali-620,40.580114433475366,49.67256649045884,1,0,0,0,0,0,1,Mon-Fri: 09:00-18:00 (Müştərilərə xidmət vaxtı 09:00-17:00); Sat: qeyri-iş günü; Sun: qeyri-iş günü,
365,Qubadlı filialı,Sumqayıt,"Sumqayıt şəhəri, 17-ci məhəllə, H.Əliyev prospekti 11/38, sahə 7",55,qubadli-filiali-621,40.59055912930536,49.666938833588176,1,0,0,0,0,0,1,Mon-Fri: 09:00-18:00 (Müştərilərə xidmət vaxtı 09:00-17:00); Sat: qeyri-iş günü; Sun: qeyri-iş günü,17:30-dan sonra yalnız rəqəmsal əməliyyatlar
888,1 saylı Sumqayıt ASAN filialı,Sumqayıt,"Sumqayıt şəhəri, Bakı küçəsi,15-ci məhəllə 42 d (ASAN xidmət mərkəzində)",55,1-sayli-sumqayit-asan-filiali,40.58719020497324,49.66478244004734,1,0,0,0,0,0,0,Mon-Fri: 09:00-18:30 (Müştərilərə xidmət vaxtı 09:00-18:00); Sat: 09:00-16:30 (Müştərilərə xidmət vaxtı 09:00-16:00); Sun: 09:00-16:30 (Müştərilərə xidmət vaxtı 09:00-16:00),
1392,Birbank - Fərhad Fərhadlı filialı,Sumqayıt,"Sumqayıt şəhəri, 3-cü mikrorayon, Sülh küçəsi 33D",55,farhad-farhadli-filiali,40.58589251948316,49.66773798730342,1,0,0,0,0,0,0,Mon-Fri: 09:00-18:00 (Müştərilərə xidmət vaxtı 09:00-17:00); Sat: qeyri-iş günü; Sun: qeyri-iş günü,
1420,Sumqayit 1 saylı Notariat şöbəsi,Sumqayıt,"Sumqayıt şəhəri, 13-cü mikrorayon, ev 5",55,1-sumqayit-sayli-notariat-shobesi,40.5678444,49.6914482,1,0,0,0,0,0,1,Mon-Fri: 10:00-19:00 (Müştərilərə xidmət vaxtı 10:00-18:00); Sat: qeyri-iş günü; Sun: 10:00-19:00 (Müştərilərə xidmət vaxtı 10:00-18:00),
1432,4 saylı Notariat şöbəsi,Sumqayıt,"Sumqayıt şəhəri, 3-cü mikrorayon, H. Əliyev prospekti, 56C",55,4-sayli-notariat-sobesi,40.5847516,49.6704622,1,0,0,0,0,0,0,Mon-Fri: 09:00-18:00 (Müştərilərə xidmət vaxtı 09:00-17:00); Sat: qeyri-iş günü; Sun: qeyri-iş günü,
1447,Sumqayıt 3 saylı Notariat şöbəsi,Sumqayıt,"Sumqayıt şəhəri, Koroğlu prospekti, Giriş 934 A",55,sumqayit-3-sayli-notariat-sobesi,40.56009219864132,49.69668435427424,1,0,0,0,0,0,1,Mon-Fri: ; Sat: ; Sun: ,
391,Şabran filialı,Şabran,"Şabran şəhəri, M. Ə. Rəsulzadə küçəsi 16B",56,shabran-filiali-653,41.200777652233526,48.98304982871177,1,0,0,0,0,0,0,Mon-Fri: 09:00-18:00 (Müştərilərə xidmət vaxtı 09:00-17:00); Sat: qeyri-iş günü; Sun: qeyri-iş günü,
372,Şahbuz filialı,Şahbuz,"Şahbuz şəhəri, H.Əliyev pr. 15",57,shahbuz-filiali-688,39.40505556592781,45.56864299632605,1,0,0,0,0,0,0,Mon-Fri: 09:00-18:00 (Müştərilərə xidmət vaxtı 09:00-17:00); Sat: qeyri-iş günü; Sun: qeyri-iş günü,
868,Şamaxı  filialı,Şamaxı,"Şamaxı şəhəri, Gənclər küçəsi 33",58,shamaxi-rayon-filiali-666,40.63338438363587,48.6428409800835,1,0,0,0,0,0,0,Mon-Fri: 09:00-18:00 (Müştərilərə xidmət vaxtı 09:00-17:00); Sat: qeyri-iş günü; Sun: qeyri-iş günü,
925,Şamaxı şöbəsi,Şamaxı,"Şamaxı şəhəri, Şəhriyar qəsəbəsi (ASAN Xidmət Mərkəzi)",58,shamaxi-shobesi,40.61320234801101,48.664303921133246,1,0,0,0,0,0,0,Mon-Fri: 09:00-18:00 (Müştərilərə xidmət vaxtı 09:00-17:00); Sat: 09:00-16:30 (Müştərilərə xidmət vaxtı 09:00-16:00); Sun: 09:00-16:30 (Müştərilərə xidmət vaxtı 09:00-16:00),
402,Şəki  filialı,Şəki,"Şəki şəhəri, M.Müşfiq küçəsi 40",59,sheki-rayon-filiali-663,41.199257108700415,47.177159019864916,1,0,0,0,0,0,0,Mon-Fri: 09:00-18:00 (Müştərilərə xidmət vaxtı 09:00-17:00); Sat: qeyri-iş günü; Sun: qeyri-iş günü,
890,Şəki şöbəsi,Şəki,"Şəki şəhəri, Z. Əliyeva küçəsi, Şəki ASAN həyat kompleksi",59,sheki-asan-xidmet-merkezi-shobesi-915,41.156853432501755,47.181120130719634,1,0,0,0,0,0,0,Mon-Fri: 09:00-18:00 (Müştərilərə xidmət vaxtı 09:00-17:00); Sat: 09:00-16:30 (Müştərilərə xidmət vaxtı 09:00-16:00); Sun: 09:00-16:30 (Müştərilərə xidmət vaxtı 09:00-16:00),
383,Şəmkir filialı,Şəmkir,"Şəmkir şəhəri, 20 Yanvar küçəsi 2",60,shemkir-rayon-filiali-642,40.82901953985266,46.02380656096423,1,0,0,0,0,0,1,Mon-Fri: 09:00-18:00 (Müştərilərə xidmət vaxtı 09:00-17:00); Sat: qeyri-iş günü; Sun: qeyri-iş günü,
371,Şərur filialı,Şərur,"Naxçıvan MR, Şərur şəhəri, H.Əliyev 44A",61,sherur-filiali-626,39.556559136351794,44.98560547330853,1,0,0,0,0,0,0,Mon-Fri: 09:00-18:00 (Müştərilərə xidmət vaxtı 09:00-17:00); Sat: qeyri-iş günü; Sun: qeyri-iş günü,
378,Şirvan şəhər filialı,Şirvan,"Şirvan şəhəri, M. Ə. Rəsulzadə küçəsi 1",62,shirvan-filiali-635,39.95255058598073,48.944077896131084,1,0,0,0,0,0,0,Mon-Fri: 09:00-18:00 (Müştərilərə xidmət vaxtı 09:00-17:00); Sat: qeyri-iş günü; Sun: qeyri-iş günü,16:30-dan sonra yalnız rəqəmsal əməliyyatlar
876,Tovuz filialı,Tovuz,"Tovuz şəhəri, Sabir küçəsi 19",64,tovuz-filiali-675,40.992073705598344,45.61739874340583,1,0,0,0,0,0,0,Mon-Fri: 09:00-18:00 (Müştərilərə xidmət vaxtı 09:00-17:00); Sat: qeyri-iş günü; Sun: qeyri-iş günü,
913,Tovuz şöbəsi,Tovuz,"Tovuz şəhəri, Aşağı quşçu kəndi inzibati ərazi idarəsi, ASAN xidmət daxilində",64,tovuz-shobesi,40.98150835610008,45.65759597834275,1,0,0,0,0,0,0,Mon-Fri: 09:00-18:00 (Müştərilərə xidmət vaxtı 09:00-17:00); Sat: 09:00-16:30 (Müştərilərə xidmət vaxtı 09:00-16:00); Sun: 09:00-16:30 (Müştərilərə xidmət vaxtı 09:00-16:00),
381,Tərtər filialı,Tərtər,"Tərtər şəhəri, E.Hüseynov küçəsi 9",63,terter-filiali-640,40.342265529585035,46.930119220173864,1,0,0,0,0,0,0,Mon-Fri: 09:00-18:00 (Müştərilərə xidmət vaxtı 09:00-17:00); Sat: qeyri-iş günü; Sun: qeyri-iş günü,
871,Ucar rayon filialı,Ucar,"Ucar şəhəri, Oğuz küç., 44.",65,ucar-filiali-670,40.509685698832925,47.65437766144721,1,0,0,0,0,0,0,Mon-Fri: 09:00-18:00 (Müştərilərə xidmət vaxtı 09:00-17:00); Sat: qeyri-iş günü; Sun: qeyri-iş günü,
870,Yardımlı filialı,Yardımlı,"Yardımlı şəhəri, H. Əliyev prospekti 41",66,yardimli-filiali-668,38.9033775,48.2338562,1,0,0,0,0,0,0,Mon-Fri: 09:00-18:00 (Müştərilərə xidmət vaxtı 09:00-17:00); Sat: qeyri-iş günü; Sun: qeyri-iş günü,
874,Yevlax filialı,Yevlax,"Yevlax şəhəri, H.Əliyev prospekti 20",67,yevlax-filiali-673,40.616462257939624,47.147917265580915,1,0,0,0,0,0,0,Mon-Fri: 09:00-18:00 (Müştərilərə xidmət vaxtı 09:00-17:00); Sat: qeyri-iş günü; Sun: qeyri-iş günü,
352,Zaqatala filialı,Zaqatala,"Zaqatala şəhəri, H.Əliyev pr.169",68,zaqatala-filiali-633,41.63048189140788,46.63924008209484,1,0,0,0,0,0,0,Mon-Fri: 09:00-18:00 (Müştərilərə xidmət vaxtı 09:00-17:00); Sat: qeyri-iş günü; Sun: qeyri-iş günü,
382,Zərdab filialı,Zərdab,"Zərdab şəhəri,H.Əliyev pr. 17",69,zerdab-filiali-641,40.22066202323987,47.71016726963062,1,0,0,0,0,0,0,Mon-Fri: 09:00-18:00 (Müştərilərə xidmət vaxtı 09:00-17:00); Sat: qeyri-iş günü; Sun: qeyri-iş günü,
1384,Zəngilan filialı,Zəngilan,"Zəngilan rayonu, Ağalı kəndi",72,zengilan-filiali,39.17812144783559,46.75868073243745,1,0,0,0,0,0,0,Mon-Fri: 09:00-18:00 (Müştərilərə xidmət vaxtı 09:00-17:00); Sat: qeyri-iş günü; Sun: qeyri-iş günü,
1425,Xankəndi filialı,Xankəndi,Xankəndi şəhəri,80,khankendi-filiali,39.816888038836915,46.75264988079478,1,0,0,0,0,0,0,Mon-Fri: 09:00-18:00 (Müştərilərə xidmət vaxtı 09:00-17:00); Sat: qeyri-iş günü; Sun: qeyri-iş günü,
